{"cameraMode":{"drawMode":0,"name":"Shaded","section":"Shading Mode"},"sceneLighting":true,"audioPlay":false,"sceneViewState":{"showFog":true,"showMaterialUpdate":false,"showSkybox":true,"showFlares":true,"showImageEffects":true,"showParticleSystems":true},"in2DMode":false,"pivot":{"x":3.413875102996826,"y":1.4076828956604005,"z":-1.9969594478607178},"rotation":{"x":0.1304195076227188,"y":-0.019338179379701616,"z":0.0025507539976388218,"w":0.9913158416748047},"size":2.7258636951446535,"orthographic":false}